{
  "Ansi 5 Color": {
    "Green Component": 0.81568627450980391,
    "Red Component": 0.81568627450980391,
    "Blue Component": 1
  },
  "Tags": [],
  "Ansi 12 Color": {
    "Green Component": 0.80784313725490198,
    "Red Component": 0.62352941176470589,
    "Blue Component": 0.94117647058823528
  },
  "Use Non-ASCII Font": false,
  "Right Option Key Sends": 0,
  "Bold Color": {
    "Green Component": 0.88235294117647056,
    "Red Component": 0.90196078431372551,
    "Blue Component": 0.86274509803921573
  },
  "Normal Font": "HackNerdFontCompleteM-Regular 15",
  "Ansi 6 Color": {
    "Green Component": 0.61176470588235299,
    "Red Component": 0.43137254901960786,
    "Blue Component": 0.74509803921568629
  },
  "Ansi 3 Color": {
    "Green Component": 0.82352941176470584,
    "Red Component": 1,
    "Blue Component": 0.29019607843137257
  },
  "Rows": 24,
  "Default Bookmark": "No",
  "Ansi 1 Color": {
    "Green Component": 0.28627450980392155,
    "Red Component": 0.85490196078431369,
    "Blue Component": 0.22352941176470589
  },
  "Cursor Guide Color": {
    "Red Component": 0.70213186740875244,
    "Color Space": "sRGB",
    "Blue Component": 1,
    "Alpha Component": 0.25,
    "Green Component": 0.9268307089805603
  },
  "Non-ASCII Anti Aliased": true,
  "Use Bright Bold": true,
  "Ansi 10 Color": {
    "Green Component": 0.81960784313725488,
    "Red Component": 0.51372549019607838,
    "Blue Component": 0.50980392156862742
  },
  "Use Cursor Guide": false,
  "Icon": 0,
  "Ambiguous Double Width": false,
  "Jobs to Ignore": ["rlogin", "ssh", "slogin", "telnet"],
  "Ansi 15 Color": {
    "Green Component": 1,
    "Red Component": 1,
    "Blue Component": 1
  },
  "Foreground Color": {
    "Green Component": 0.88235294117647056,
    "Red Component": 0.90196078431372551,
    "Blue Component": 0.86274509803921573
  },
  "Working Directory": "",
  "Use Tab Color": false,
  "Blinking Cursor": true,
  "Disable Window Resizing": true,
  "Sync Title": false,
  "Prompt Before Closing 2": false,
  "BM Growl": true,
  "Command": "",
  "Description": "Default",
  "Mouse Reporting": true,
  "Screen": -1,
  "Selection Color": {
    "Green Component": 0.39215686274509803,
    "Red Component": 0.35294117647058826,
    "Blue Component": 0.49411764705882355
  },
  "Initial Use Transparency": true,
  "Columns": 94,
  "Idle Code": 0,
  "Hide After Opening": false,
  "Ansi 13 Color": {
    "Green Component": 1,
    "Red Component": 1,
    "Blue Component": 1
  },
  "Custom Command": "No",
  "Use Custom Window Title": false,
  "ASCII Anti Aliased": true,
  "Non Ascii Font": "Monaco 14",
  "Vertical Spacing": 1,
  "Use Bold Font": true,
  "Option Key Sends": 0,
  "Selected Text Color": {
    "Green Component": 0.88235294117647056,
    "Red Component": 0.90196078431372551,
    "Blue Component": 0.86274509803921573
  },
  "Background Color": {
    "Green Component": 0.16862745098039217,
    "Red Component": 0.16862745098039217,
    "Blue Component": 0.16862745098039217
  },
  "Character Encoding": 4,
  "Ansi 11 Color": {
    "Green Component": 1,
    "Red Component": 1,
    "Blue Component": 0.48627450980392156
  },
  "Use Italic Font": true,
  "Unlimited Scrollback": false,
  "Keyboard Map": {
    "0xf700-0x260000": {
      "Action": 10,
      "Text": "[1;6A"
    },
    "0x37-0x40000": {
      "Action": 11,
      "Text": "0x1f"
    },
    "0x32-0x40000": {
      "Action": 11,
      "Text": "0x00"
    },
    "0xf709-0x20000": {
      "Action": 10,
      "Text": "[17;2~"
    },
    "0xf70c-0x20000": {
      "Action": 10,
      "Text": "[20;2~"
    },
    "0xf729-0x20000": {
      "Action": 10,
      "Text": "[1;2H"
    },
    "0xf72b-0x40000": {
      "Action": 10,
      "Text": "[1;5F"
    },
    "0xf705-0x20000": {
      "Action": 10,
      "Text": "[1;2Q"
    },
    "0xf703-0x260000": {
      "Action": 10,
      "Text": "[1;6C"
    },
    "0xf700-0x220000": {
      "Action": 10,
      "Text": "[1;2A"
    },
    "0xf701-0x280000": {
      "Action": 11,
      "Text": "0x1b 0x1b 0x5b 0x42"
    },
    "0x38-0x40000": {
      "Action": 11,
      "Text": "0x7f"
    },
    "0x33-0x40000": {
      "Action": 11,
      "Text": "0x1b"
    },
    "0xf703-0x220000": {
      "Action": 10,
      "Text": "[1;2C"
    },
    "0xf701-0x240000": {
      "Action": 10,
      "Text": "[1;5B"
    },
    "0xf70d-0x20000": {
      "Action": 10,
      "Text": "[21;2~"
    },
    "0xf702-0x260000": {
      "Action": 10,
      "Text": "[1;6D"
    },
    "0xf729-0x40000": {
      "Action": 10,
      "Text": "[1;5H"
    },
    "0xf706-0x20000": {
      "Action": 10,
      "Text": "[1;2R"
    },
    "0x34-0x40000": {
      "Action": 11,
      "Text": "0x1c"
    },
    "0xf700-0x280000": {
      "Action": 11,
      "Text": "0x1b 0x1b 0x5b 0x41"
    },
    "0x2d-0x40000": {
      "Action": 11,
      "Text": "0x1f"
    },
    "0xf70e-0x20000": {
      "Action": 10,
      "Text": "[23;2~"
    },
    "0xf702-0x220000": {
      "Action": 10,
      "Text": "[1;2D"
    },
    "0xf703-0x280000": {
      "Action": 11,
      "Text": "0x1b 0x1b 0x5b 0x43"
    },
    "0xf700-0x240000": {
      "Action": 10,
      "Text": "[1;5A"
    },
    "0xf707-0x20000": {
      "Action": 10,
      "Text": "[1;2S"
    },
    "0xf70a-0x20000": {
      "Action": 10,
      "Text": "[18;2~"
    },
    "0x35-0x40000": {
      "Action": 11,
      "Text": "0x1d"
    },
    "0xf70f-0x20000": {
      "Action": 10,
      "Text": "[24;2~"
    },
    "0xf703-0x240000": {
      "Action": 10,
      "Text": "[1;5C"
    },
    "0xf701-0x260000": {
      "Action": 10,
      "Text": "[1;6B"
    },
    "0xf702-0x280000": {
      "Action": 11,
      "Text": "0x1b 0x1b 0x5b 0x44"
    },
    "0xf72b-0x20000": {
      "Action": 10,
      "Text": "[1;2F"
    },
    "0x36-0x40000": {
      "Action": 11,
      "Text": "0x1e"
    },
    "0xf708-0x20000": {
      "Action": 10,
      "Text": "[15;2~"
    },
    "0xf701-0x220000": {
      "Action": 10,
      "Text": "[1;2B"
    },
    "0xf70b-0x20000": {
      "Action": 10,
      "Text": "[19;2~"
    },
    "0xf702-0x240000": {
      "Action": 10,
      "Text": "[1;5D"
    },
    "0xf704-0x20000": {
      "Action": 10,
      "Text": "[1;2P"
    }
  },
  "Window Type": 0,
  "Cursor Type": 1,
  "Background Image Location": "",
  "Blur": false,
  "Badge Color": {
    "Red Component": 1,
    "Color Space": "sRGB",
    "Blue Component": 0,
    "Alpha Component": 0.5,
    "Green Component": 0.1491314172744751
  },
  "Scrollback Lines": 1000,
  "Send Code When Idle": false,
  "Close Sessions On End": true,
  "Terminal Type": "xterm-256color",
  "Visual Bell": true,
  "Flashing Bell": false,
  "Silence Bell": false,
  "Ansi 14 Color": {
    "Green Component": 0.80784313725490198,
    "Red Component": 0.62745098039215685,
    "Blue Component": 0.94117647058823528
  },
  "Name": "Default",
  "Cursor Text Color": {
    "Red Component": 0.92156862745098034,
    "Color Space": "sRGB",
    "Blue Component": 0.88627450980392153,
    "Alpha Component": 1,
    "Green Component": 0.90196078431372551
  },
  "Open Toolbelt": false,
  "Shortcut": "",
  "Cursor Color": {
    "Green Component": 1,
    "Red Component": 1,
    "Blue Component": 1
  },
  "Transparency": 0,
  "Guid": "445AD079-0F6C-4F58-9AC3-5882B2AE0882",
  "Ansi 2 Color": {
    "Green Component": 0.62352941176470589,
    "Red Component": 0.31764705882352939,
    "Blue Component": 0.31372549019607843
  },
  "Custom Directory": "Recycle",
  "Ansi 4 Color": {
    "Green Component": 0.61176470588235299,
    "Red Component": 0.42745098039215684,
    "Blue Component": 0.74509803921568629
  },
  "Use Custom Tab Title": false,
  "Ansi 0 Color": {
    "Green Component": 0,
    "Red Component": 0,
    "Blue Component": 0
  },
  "Ansi 7 Color": {
    "Green Component": 1,
    "Red Component": 1,
    "Blue Component": 1
  },
  "Ansi 8 Color": {
    "Red Component": 0.59999999999999998,
    "Color Space": "sRGB",
    "Blue Component": 0.59999999999999998,